ZIP,Type,Percentage
10075,American,0.095
10075,Asian,0.048
10075,Chinese,0.048
10075,Dessert,0.095
10075,European,0.143
10075,French,0
10075,Italian,0.286
10075,Mexcian,0.048
10075,Other,0
10075,QuickMeal,0.238
10075,Seafood,0
10128,American,0.333
10128,Asian,0.128
10128,Chinese,0.128
10128,Dessert,0.026
10128,European,0.077
10128,French,0
10128,Italian,0.103
10128,Mexcian,0.026
10128,Other,0.051
10128,QuickMeal,0.128
10128,Seafood,0
10029,American,0.298
10029,Asian,0.043
10029,Chinese,0.085
10029,Dessert,0.043
10029,European,0.085
10029,French,0
10029,Italian,0
10029,Mexcian,0.17
10029,Other,0.043
10029,QuickMeal,0.213
10029,Seafood,0.021
11414,American,0
11414,Asian,0.214
11414,Chinese,0.071
11414,Dessert,0.143
11414,European,0
11414,French,0
11414,Italian,0.357
11414,Mexcian,0
11414,Other,0
11414,QuickMeal,0.214
11414,Seafood,0
10022,American,0.495
10022,Asian,0.178
10022,Chinese,0.02
10022,Dessert,0.03
10022,European,0.069
10022,French,0
10022,Italian,0.079
10022,Mexcian,0
10022,Other,0.05
10022,QuickMeal,0.079
10022,Seafood,0
10011,American,0.407
10011,Asian,0.102
10011,Chinese,0.056
10011,Dessert,0.083
10011,European,0.083
10011,French,0
10011,Italian,0.13
10011,Mexcian,0.037
10011,Other,0.028
10011,QuickMeal,0.065
10011,Seafood,0.009
11358,American,0.093
11358,Asian,0.442
11358,Chinese,0.163
11358,Dessert,0.093
11358,European,0.07
11358,French,0
11358,Italian,0.047
11358,Mexcian,0
11358,Other,0
11358,QuickMeal,0.093
11358,Seafood,0
10019,American,0.446
10019,Asian,0.115
10019,Chinese,0.032
10019,Dessert,0.025
10019,European,0.076
10019,French,0
10019,Italian,0.127
10019,Mexcian,0.051
10019,Other,0.038
10019,QuickMeal,0.083
10019,Seafood,0.006
11249,American,0.395
11249,Asian,0.079
11249,Chinese,0.053
11249,Dessert,0.053
11249,European,0.105
11249,French,0.026
11249,Italian,0.105
11249,Mexcian,0.079
11249,Other,0.026
11249,QuickMeal,0.026
11249,Seafood,0.053
11368,American,0.343
11368,Asian,0
11368,Chinese,0.071
11368,Dessert,0.029
11368,European,0.2
11368,French,0
11368,Italian,0.029
11368,Mexcian,0.157
11368,Other,0.071
11368,QuickMeal,0.1
11368,Seafood,0
11367,American,0.133
11367,Asian,0.067
11367,Chinese,0.133
11367,Dessert,0.067
11367,European,0.067
11367,French,0
11367,Italian,0
11367,Mexcian,0
11367,Other,0.467
11367,QuickMeal,0.067
11367,Seafood,0
11372,American,0.308
11372,Asian,0.165
11372,Chinese,0.055
11372,Dessert,0.022
11372,European,0.154
11372,French,0
11372,Italian,0.022
11372,Mexcian,0.066
11372,Other,0.121
11372,QuickMeal,0.077
11372,Seafood,0.011
10002,American,0.283
10002,Asian,0.088
10002,Chinese,0.301
10002,Dessert,0.071
10002,European,0.062
10002,French,0
10002,Italian,0.044
10002,Mexcian,0.035
10002,Other,0.009
10002,QuickMeal,0.097
10002,Seafood,0.009
10010,American,0.481
10010,Asian,0.111
10010,Chinese,0.037
10010,Dessert,0.037
10010,European,0.093
10010,French,0
10010,Italian,0.093
10010,Mexcian,0.019
10010,Other,0.037
10010,QuickMeal,0.093
10010,Seafood,0
11419,American,0.065
11419,Asian,0.194
11419,Chinese,0.258
11419,Dessert,0
11419,European,0
11419,French,0
11419,Italian,0.032
11419,Mexcian,0.419
11419,Other,0
11419,QuickMeal,0.032
11419,Seafood,0
11218,American,0.15
11218,Asian,0.125
11218,Chinese,0.05
11218,Dessert,0.025
11218,European,0.1
11218,French,0
11218,Italian,0.075
11218,Mexcian,0.1
11218,Other,0.275
11218,QuickMeal,0.1
11218,Seafood,0
10004,American,0.529
10004,Asian,0.088
10004,Chinese,0.029
10004,Dessert,0.029
10004,European,0.029
10004,French,0
10004,Italian,0.118
10004,Mexcian,0.029
10004,Other,0
10004,QuickMeal,0.147
10004,Seafood,0
11215,American,0.341
11215,Asian,0.176
11215,Chinese,0.106
11215,Dessert,0.118
11215,European,0.047
11215,French,0
11215,Italian,0.047
11215,Mexcian,0.047
11215,Other,0.047
11215,QuickMeal,0.071
11215,Seafood,0
11236,American,0.043
11236,Asian,0
11236,Chinese,0.261
11236,Dessert,0
11236,European,0.043
11236,French,0
11236,Italian,0.043
11236,Mexcian,0.478
11236,Other,0.043
11236,QuickMeal,0.087
11236,Seafood,0
10009,American,0.451
10009,Asian,0.085
10009,Chinese,0.028
10009,Dessert,0.07
10009,European,0.113
10009,French,0
10009,Italian,0.042
10009,Mexcian,0.042
10009,Other,0.042
10009,QuickMeal,0.127
10009,Seafood,0
11103,American,0.327
11103,Asian,0.127
11103,Chinese,0.018
11103,Dessert,0.091
11103,European,0.2
11103,French,0.018
11103,Italian,0.018
11103,Mexcian,0.036
11103,Other,0.073
11103,QuickMeal,0.091
11103,Seafood,0
11375,American,0.196
11375,Asian,0.176
11375,Chinese,0.078
11375,Dessert,0.02
11375,European,0.137
11375,French,0
11375,Italian,0.02
11375,Mexcian,0.02
11375,Other,0.137
11375,QuickMeal,0.216
11375,Seafood,0
10016,American,0.362
10016,Asian,0.198
10016,Chinese,0.078
10016,Dessert,0.009
10016,European,0.078
10016,French,0
10016,Italian,0.095
10016,Mexcian,0.052
10016,Other,0.086
10016,QuickMeal,0.043
10016,Seafood,0
11206,American,0.258
11206,Asian,0.097
11206,Chinese,0.097
11206,Dessert,0.097
11206,European,0.161
11206,French,0
11206,Italian,0
11206,Mexcian,0.065
11206,Other,0.032
11206,QuickMeal,0.194
11206,Seafood,0
10007,American,0.333
10007,Asian,0.222
10007,Chinese,0
10007,Dessert,0.074
10007,European,0.111
10007,French,0
10007,Italian,0.074
10007,Mexcian,0.037
10007,Other,0.074
10007,QuickMeal,0.074
10007,Seafood,0
10012,American,0.369
10012,Asian,0.097
10012,Chinese,0.01
10012,Dessert,0.117
10012,European,0.087
10012,French,0
10012,Italian,0.126
10012,Mexcian,0.019
10012,Other,0.078
10012,QuickMeal,0.078
10012,Seafood,0.019
10036,American,0.434
10036,Asian,0.096
10036,Chinese,0.029
10036,Dessert,0.081
10036,European,0.096
10036,French,0
10036,Italian,0.096
10036,Mexcian,0.022
10036,Other,0.059
10036,QuickMeal,0.081
10036,Seafood,0.007
11231,American,0.429
11231,Asian,0.071
11231,Chinese,0.048
11231,Dessert,0.071
11231,European,0.071
11231,French,0
11231,Italian,0.119
11231,Mexcian,0.024
11231,Other,0
11231,QuickMeal,0.143
11231,Seafood,0.024
10018,American,0.507
10018,Asian,0.145
10018,Chinese,0.043
10018,Dessert,0.087
10018,European,0.029
10018,French,0
10018,Italian,0.043
10018,Mexcian,0
10018,Other,0.043
10018,QuickMeal,0.101
10018,Seafood,0
10003,American,0.331
10003,Asian,0.244
10003,Chinese,0.025
10003,Dessert,0.062
10003,European,0.056
10003,French,0
10003,Italian,0.094
10003,Mexcian,0.062
10003,Other,0.044
10003,QuickMeal,0.056
10003,Seafood,0.025
10020,American,0.714
10020,Asian,0
10020,Chinese,0
10020,Dessert,0.143
10020,European,0
10020,French,0
10020,Italian,0
10020,Mexcian,0
10020,Other,0
10020,QuickMeal,0.143
10020,Seafood,0
10014,American,0.362
10014,Asian,0.053
10014,Chinese,0.021
10014,Dessert,0.074
10014,European,0.17
10014,French,0
10014,Italian,0.106
10014,Mexcian,0.032
10014,Other,0.064
10014,QuickMeal,0.085
10014,Seafood,0.032
10310,American,0.538
10310,Asian,0.077
10310,Chinese,0
10310,Dessert,0
10310,European,0.077
10310,French,0
10310,Italian,0.154
10310,Mexcian,0.077
10310,Other,0
10310,QuickMeal,0.077
10310,Seafood,0
11104,American,0.444
11104,Asian,0.148
11104,Chinese,0.037
11104,Dessert,0.074
11104,European,0.074
11104,French,0
11104,Italian,0
11104,Mexcian,0.037
11104,Other,0.037
11104,QuickMeal,0.148
11104,Seafood,0
10469,American,0.15
10469,Asian,0
10469,Chinese,0.1
10469,Dessert,0
10469,European,0.1
10469,French,0
10469,Italian,0
10469,Mexcian,0.45
10469,Other,0
10469,QuickMeal,0.2
10469,Seafood,0
11418,American,0.318
11418,Asian,0.136
11418,Chinese,0.136
11418,Dessert,0.045
11418,European,0.045
11418,French,0
11418,Italian,0.045
11418,Mexcian,0.091
11418,Other,0.045
11418,QuickMeal,0.091
11418,Seafood,0.045
11430,American,0.593
11430,Asian,0.074
11430,Chinese,0
11430,Dessert,0.074
11430,European,0.037
11430,French,0
11430,Italian,0
11430,Mexcian,0.074
11430,Other,0.037
11430,QuickMeal,0.111
11430,Seafood,0
11366,American,0.133
11366,Asian,0.267
11366,Chinese,0.133
11366,Dessert,0
11366,European,0.133
11366,French,0
11366,Italian,0.133
11366,Mexcian,0
11366,Other,0.133
11366,QuickMeal,0.067
11366,Seafood,0
11216,American,0.241
11216,Asian,0.103
11216,Chinese,0.103
11216,Dessert,0.138
11216,European,0.034
11216,French,0
11216,Italian,0
11216,Mexcian,0.241
11216,Other,0.103
11216,QuickMeal,0.034
11216,Seafood,0
11209,American,0.3
11209,Asian,0.167
11209,Chinese,0.067
11209,Dessert,0.033
11209,European,0.1
11209,French,0
11209,Italian,0.133
11209,Mexcian,0.033
11209,Other,0
11209,QuickMeal,0.15
11209,Seafood,0.017
11220,American,0.158
11220,Asian,0.026
11220,Chinese,0.461
11220,Dessert,0.039
11220,European,0.013
11220,French,0
11220,Italian,0
11220,Mexcian,0.105
11220,Other,0.026
11220,QuickMeal,0.171
11220,Seafood,0
11101,American,0.466
11101,Asian,0.034
11101,Chinese,0.052
11101,Dessert,0.069
11101,European,0.121
11101,French,0
11101,Italian,0.086
11101,Mexcian,0.034
11101,Other,0.069
11101,QuickMeal,0.069
11101,Seafood,0
10001,American,0.311
10001,Asian,0.262
10001,Chinese,0.041
10001,Dessert,0.074
10001,European,0.09
10001,French,0
10001,Italian,0.049
10001,Mexcian,0
10001,Other,0.09
10001,QuickMeal,0.074
10001,Seafood,0.008
11210,American,0.222
11210,Asian,0
11210,Chinese,0.222
11210,Dessert,0.111
11210,European,0
11210,French,0
11210,Italian,0
11210,Mexcian,0.333
11210,Other,0.111
11210,QuickMeal,0
11210,Seafood,0
11377,American,0.333
11377,Asian,0.263
11377,Chinese,0.088
11377,Dessert,0.088
11377,European,0.035
11377,French,0
11377,Italian,0.018
11377,Mexcian,0.018
11377,Other,0.07
11377,QuickMeal,0.088
11377,Seafood,0
10028,American,0.31
10028,Asian,0.119
10028,Chinese,0.024
10028,Dessert,0.048
10028,European,0.119
10028,French,0
10028,Italian,0.119
10028,Mexcian,0.048
10028,Other,0.071
10028,QuickMeal,0.143
10028,Seafood,0
11212,American,0.15
11212,Asian,0.05
11212,Chinese,0.25
11212,Dessert,0
11212,European,0.05
11212,French,0
11212,Italian,0.05
11212,Mexcian,0.35
11212,Other,0
11212,QuickMeal,0.05
11212,Seafood,0.05
11214,American,0.091
11214,Asian,0.068
11214,Chinese,0.409
11214,Dessert,0.068
11214,European,0.091
11214,French,0
11214,Italian,0.068
11214,Mexcian,0.023
11214,Other,0.023
11214,QuickMeal,0.159
11214,Seafood,0
10104,American,1
10104,Asian,0
10104,Chinese,0
10104,Dessert,0
10104,European,0
10104,French,0
10104,Italian,0
10104,Mexcian,0
10104,Other,0
10104,QuickMeal,0
10104,Seafood,0
10462,American,0.346
10462,Asian,0
10462,Chinese,0.154
10462,Dessert,0.077
10462,European,0
10462,French,0
10462,Italian,0.038
10462,Mexcian,0.077
10462,Other,0.038
10462,QuickMeal,0.231
10462,Seafood,0.038
11217,American,0.347
11217,Asian,0.102
11217,Chinese,0.041
11217,Dessert,0.02
11217,European,0.122
11217,French,0
11217,Italian,0.041
11217,Mexcian,0.122
11217,Other,0.061
11217,QuickMeal,0.122
11217,Seafood,0.02
10038,American,0.389
10038,Asian,0.111
10038,Chinese,0.167
10038,Dessert,0.028
10038,European,0.111
10038,French,0
10038,Italian,0.028
10038,Mexcian,0
10038,Other,0.056
10038,QuickMeal,0.111
10038,Seafood,0
10027,American,0.341
10027,Asian,0.114
10027,Chinese,0.045
10027,Dessert,0.023
10027,European,0.068
10027,French,0
10027,Italian,0.114
10027,Mexcian,0.068
10027,Other,0.136
10027,QuickMeal,0.091
10027,Seafood,0
11232,American,0.192
11232,Asian,0.115
11232,Chinese,0.077
11232,Dessert,0.038
11232,European,0.192
11232,French,0
11232,Italian,0.077
11232,Mexcian,0.192
11232,Other,0.077
11232,QuickMeal,0.038
11232,Seafood,0
11106,American,0.342
11106,Asian,0.053
11106,Chinese,0.079
11106,Dessert,0.026
11106,European,0.132
11106,French,0
11106,Italian,0.079
11106,Mexcian,0.105
11106,Other,0.053
11106,QuickMeal,0.132
11106,Seafood,0
11213,American,0.08
11213,Asian,0
11213,Chinese,0.24
11213,Dessert,0
11213,European,0.08
11213,French,0
11213,Italian,0
11213,Mexcian,0.32
11213,Other,0.16
11213,QuickMeal,0.12
11213,Seafood,0
10304,American,0.385
10304,Asian,0.077
10304,Chinese,0.154
10304,Dessert,0.077
10304,European,0
10304,French,0
10304,Italian,0.154
10304,Mexcian,0.077
10304,Other,0.077
10304,QuickMeal,0
10304,Seafood,0
10023,American,0.326
10023,Asian,0.093
10023,Chinese,0.047
10023,Dessert,0.047
10023,European,0.116
10023,French,0
10023,Italian,0.163
10023,Mexcian,0.047
10023,Other,0.047
10023,QuickMeal,0.093
10023,Seafood,0.023
11426,American,0.375
11426,Asian,0.25
11426,Chinese,0
11426,Dessert,0
11426,European,0
11426,French,0
11426,Italian,0.125
11426,Mexcian,0
11426,Other,0
11426,QuickMeal,0.25
11426,Seafood,0
11238,American,0.312
11238,Asian,0.083
11238,Chinese,0.083
11238,Dessert,0.062
11238,European,0.062
11238,French,0
11238,Italian,0.146
11238,Mexcian,0.125
11238,Other,0.062
11238,QuickMeal,0.062
11238,Seafood,0
10025,American,0.141
10025,Asian,0.219
10025,Chinese,0.125
10025,Dessert,0.078
10025,European,0.094
10025,French,0
10025,Italian,0.109
10025,Mexcian,0.109
10025,Other,0.031
10025,QuickMeal,0.094
10025,Seafood,0
11105,American,0.067
11105,Asian,0.167
11105,Chinese,0.033
11105,Dessert,0.033
11105,European,0.2
11105,French,0
11105,Italian,0.133
11105,Mexcian,0.033
11105,Other,0.1
11105,QuickMeal,0.2
11105,Seafood,0.033
10065,American,0.348
10065,Asian,0.109
10065,Chinese,0.022
10065,Dessert,0.087
10065,European,0.152
10065,French,0
10065,Italian,0.109
10065,Mexcian,0
10065,Other,0.022
10065,QuickMeal,0.152
10065,Seafood,0
11378,American,0.261
11378,Asian,0.087
11378,Chinese,0.13
11378,Dessert,0.043
11378,European,0.087
11378,French,0
11378,Italian,0.13
11378,Mexcian,0
11378,Other,0.043
11378,QuickMeal,0.217
11378,Seafood,0
11228,American,0.091
11228,Asian,0
11228,Chinese,0.182
11228,Dessert,0
11228,European,0
11228,French,0
11228,Italian,0.364
11228,Mexcian,0.273
11228,Other,0
11228,QuickMeal,0.091
11228,Seafood,0
11225,American,0.12
11225,Asian,0.04
11225,Chinese,0.08
11225,Dessert,0.12
11225,European,0.04
11225,French,0
11225,Italian,0
11225,Mexcian,0.4
11225,Other,0.04
11225,QuickMeal,0.16
11225,Seafood,0
10468,American,0.238
10468,Asian,0
10468,Chinese,0.095
10468,Dessert,0
10468,European,0.238
10468,French,0
10468,Italian,0
10468,Mexcian,0.095
10468,Other,0.048
10468,QuickMeal,0.286
10468,Seafood,0
11229,American,0.154
11229,Asian,0.256
11229,Chinese,0.154
11229,Dessert,0
11229,European,0.051
11229,French,0
11229,Italian,0.077
11229,Mexcian,0.077
11229,Other,0.077
11229,QuickMeal,0.154
11229,Seafood,0
10040,American,0.4
10040,Asian,0.05
10040,Chinese,0.1
10040,Dessert,0.05
10040,European,0.2
10040,French,0
10040,Italian,0
10040,Mexcian,0.05
10040,Other,0
10040,QuickMeal,0.15
10040,Seafood,0
11205,American,0.303
11205,Asian,0.121
11205,Chinese,0.121
11205,Dessert,0.03
11205,European,0.061
11205,French,0
11205,Italian,0.061
11205,Mexcian,0.061
11205,Other,0.091
11205,QuickMeal,0.121
11205,Seafood,0.03
10017,American,0.38
10017,Asian,0.203
10017,Chinese,0.025
10017,Dessert,0.063
10017,European,0.127
10017,French,0
10017,Italian,0.076
10017,Mexcian,0.013
10017,Other,0.013
10017,QuickMeal,0.101
10017,Seafood,0
10305,American,0.3
10305,Asian,0.05
10305,Chinese,0.15
10305,Dessert,0
10305,European,0.15
10305,French,0.05
10305,Italian,0.1
10305,Mexcian,0
10305,Other,0.05
10305,QuickMeal,0.15
10305,Seafood,0
10301,American,0.36
10301,Asian,0
10301,Chinese,0.16
10301,Dessert,0
10301,European,0.04
10301,French,0
10301,Italian,0.08
10301,Mexcian,0.08
10301,Other,0.12
10301,QuickMeal,0.16
10301,Seafood,0
10013,American,0.258
10013,Asian,0.141
10013,Chinese,0.234
10013,Dessert,0.062
10013,European,0.016
10013,French,0
10013,Italian,0.156
10013,Mexcian,0.016
10013,Other,0.016
10013,QuickMeal,0.102
10013,Seafood,0
10031,American,0.265
10031,Asian,0.118
10031,Chinese,0.118
10031,Dessert,0.059
10031,European,0.147
10031,French,0
10031,Italian,0.029
10031,Mexcian,0.176
10031,Other,0.029
10031,QuickMeal,0.059
10031,Seafood,0
10302,American,0.211
10302,Asian,0
10302,Chinese,0.211
10302,Dessert,0
10302,European,0
10302,French,0
10302,Italian,0.158
10302,Mexcian,0.211
10302,Other,0.053
10302,QuickMeal,0.158
10302,Seafood,0
10303,American,0.444
10303,Asian,0.222
10303,Chinese,0.111
10303,Dessert,0
10303,European,0
10303,French,0
10303,Italian,0
10303,Mexcian,0
10303,Other,0
10303,QuickMeal,0.222
10303,Seafood,0
11233,American,0.167
11233,Asian,0
11233,Chinese,0.292
11233,Dessert,0.208
11233,European,0.042
11233,French,0
11233,Italian,0
11233,Mexcian,0.083
11233,Other,0.167
11233,QuickMeal,0.042
11233,Seafood,0
11361,American,0.227
11361,Asian,0.318
11361,Chinese,0.045
11361,Dessert,0.091
11361,European,0
11361,French,0
11361,Italian,0.091
11361,Mexcian,0
11361,Other,0
11361,QuickMeal,0.227
11361,Seafood,0
11211,American,0.393
11211,Asian,0.107
11211,Chinese,0.083
11211,Dessert,0.06
11211,European,0.06
11211,French,0
11211,Italian,0.083
11211,Mexcian,0.036
11211,Other,0.131
11211,QuickMeal,0.048
11211,Seafood,0
11429,American,0.143
11429,Asian,0
11429,Chinese,0.143
11429,Dessert,0
11429,European,0
11429,French,0
11429,Italian,0
11429,Mexcian,0.286
11429,Other,0.143
11429,QuickMeal,0.286
11429,Seafood,0
11420,American,0.208
11420,Asian,0.042
11420,Chinese,0.125
11420,Dessert,0
11420,European,0
11420,French,0
11420,Italian,0
11420,Mexcian,0.458
11420,Other,0.042
11420,QuickMeal,0.125
11420,Seafood,0
11417,American,0.238
11417,Asian,0
11417,Chinese,0.333
11417,Dessert,0.048
11417,European,0.095
11417,French,0
11417,Italian,0.048
11417,Mexcian,0.095
11417,Other,0.048
11417,QuickMeal,0.095
11417,Seafood,0
11230,American,0.069
11230,Asian,0.069
11230,Chinese,0.103
11230,Dessert,0
11230,European,0.069
11230,French,0
11230,Italian,0.103
11230,Mexcian,0
11230,Other,0.483
11230,QuickMeal,0.103
11230,Seafood,0
11355,American,0.067
11355,Asian,0.178
11355,Chinese,0.622
11355,Dessert,0.022
11355,European,0
11355,French,0
11355,Italian,0
11355,Mexcian,0
11355,Other,0.022
11355,QuickMeal,0.089
11355,Seafood,0
11385,American,0.299
11385,Asian,0.03
11385,Chinese,0.104
11385,Dessert,0.164
11385,European,0.149
11385,French,0
11385,Italian,0.075
11385,Mexcian,0.075
11385,Other,0
11385,QuickMeal,0.104
11385,Seafood,0
11354,American,0.079
11354,Asian,0.329
11354,Chinese,0.474
11354,Dessert,0.066
11354,European,0
11354,French,0
11354,Italian,0.013
11354,Mexcian,0
11354,Other,0
11354,QuickMeal,0.039
11354,Seafood,0
10312,American,0.188
10312,Asian,0.125
10312,Chinese,0.062
10312,Dessert,0.062
10312,European,0
10312,French,0
10312,Italian,0.312
10312,Mexcian,0
10312,Other,0.062
10312,QuickMeal,0.188
10312,Seafood,0
10467,American,0.211
10467,Asian,0
10467,Chinese,0.132
10467,Dessert,0.026
10467,European,0.158
10467,French,0
10467,Italian,0.026
10467,Mexcian,0.211
10467,Other,0.026
10467,QuickMeal,0.211
10467,Seafood,0
10271,American,1
10271,Asian,0
10271,Chinese,0
10271,Dessert,0
10271,European,0
10271,French,0
10271,Italian,0
10271,Mexcian,0
10271,Other,0
10271,QuickMeal,0
10271,Seafood,0
11360,American,0.625
11360,Asian,0
11360,Chinese,0
11360,Dessert,0
11360,European,0
11360,French,0
11360,Italian,0.125
11360,Mexcian,0
11360,Other,0
11360,QuickMeal,0.25
11360,Seafood,0
11432,American,0.278
11432,Asian,0.167
11432,Chinese,0.194
11432,Dessert,0.028
11432,European,0.083
11432,French,0
11432,Italian,0
11432,Mexcian,0.083
11432,Other,0.083
11432,QuickMeal,0.083
11432,Seafood,0
10024,American,0.349
10024,Asian,0.163
10024,Chinese,0.07
10024,Dessert,0.07
10024,European,0.07
10024,French,0
10024,Italian,0.093
10024,Mexcian,0.023
10024,Other,0.07
10024,QuickMeal,0.07
10024,Seafood,0.023
11374,American,0.133
11374,Asian,0
11374,Chinese,0.067
11374,Dessert,0.067
11374,European,0.067
11374,French,0
11374,Italian,0
11374,Mexcian,0
11374,Other,0.533
11374,QuickMeal,0.133
11374,Seafood,0
11364,American,0.077
11364,Asian,0.615
11364,Chinese,0.077
11364,Dessert,0
11364,European,0
11364,French,0
11364,Italian,0.231
11364,Mexcian,0
11364,Other,0
11364,QuickMeal,0
11364,Seafood,0
11237,American,0.341
11237,Asian,0.114
11237,Chinese,0.091
11237,Dessert,0.068
11237,European,0.114
11237,French,0
11237,Italian,0.023
11237,Mexcian,0.136
11237,Other,0.045
11237,QuickMeal,0.068
11237,Seafood,0
11412,American,0
11412,Asian,0
11412,Chinese,0.143
11412,Dessert,0
11412,European,0
11412,French,0
11412,Italian,0.143
11412,Mexcian,0.429
11412,Other,0
11412,QuickMeal,0.143
11412,Seafood,0.143
10464,American,0.333
10464,Asian,0
10464,Chinese,0
10464,Dessert,0
10464,European,0.111
10464,French,0
10464,Italian,0
10464,Mexcian,0
10464,Other,0
10464,QuickMeal,0
10464,Seafood,0.556
10451,American,0.379
10451,Asian,0
10451,Chinese,0.138
10451,Dessert,0.034
10451,European,0.034
10451,French,0
10451,Italian,0.069
10451,Mexcian,0.034
10451,Other,0.069
10451,QuickMeal,0.207
10451,Seafood,0.034
11434,American,0.176
11434,Asian,0
11434,Chinese,0.353
11434,Dessert,0
11434,European,0.059
11434,French,0
11434,Italian,0
11434,Mexcian,0.118
11434,Other,0.059
11434,QuickMeal,0.235
11434,Seafood,0
11373,American,0.193
11373,Asian,0.316
11373,Chinese,0.123
11373,Dessert,0.07
11373,European,0.018
11373,French,0.018
11373,Italian,0.018
11373,Mexcian,0.07
11373,Other,0
11373,QuickMeal,0.175
11373,Seafood,0
11235,American,0.158
11235,Asian,0.079
11235,Chinese,0.079
11235,Dessert,0.026
11235,European,0.158
11235,French,0
11235,Italian,0.158
11235,Mexcian,0.079
11235,Other,0.237
11235,QuickMeal,0.026
11235,Seafood,0
10457,American,0.25
10457,Asian,0
10457,Chinese,0.25
10457,Dessert,0
10457,European,0.3
10457,French,0
10457,Italian,0
10457,Mexcian,0
10457,Other,0.1
10457,QuickMeal,0.1
10457,Seafood,0
11201,American,0.303
11201,Asian,0.145
11201,Chinese,0.079
11201,Dessert,0.066
11201,European,0.039
11201,French,0
11201,Italian,0.145
11201,Mexcian,0.039
11201,Other,0.079
11201,QuickMeal,0.105
11201,Seafood,0
11239,American,0
11239,Asian,0
11239,Chinese,0
11239,Dessert,0.25
11239,European,0
11239,French,0
11239,Italian,0.25
11239,Mexcian,0
11239,Other,0
11239,QuickMeal,0.25
11239,Seafood,0.25
11428,American,0.273
11428,Asian,0
11428,Chinese,0.273
11428,Dessert,0
11428,European,0.091
11428,French,0
11428,Italian,0
11428,Mexcian,0.182
11428,Other,0.182
11428,QuickMeal,0
11428,Seafood,0
10021,American,0.333
10021,Asian,0.119
10021,Chinese,0.071
10021,Dessert,0.095
10021,European,0.071
10021,French,0
10021,Italian,0.167
10021,Mexcian,0.024
10021,Other,0.048
10021,QuickMeal,0.071
10021,Seafood,0
10452,American,0.357
10452,Asian,0
10452,Chinese,0.321
10452,Dessert,0.036
10452,European,0.107
10452,French,0
10452,Italian,0.036
10452,Mexcian,0.036
10452,Other,0
10452,QuickMeal,0.107
10452,Seafood,0
11222,American,0.302
11222,Asian,0.113
11222,Chinese,0.038
11222,Dessert,0.094
11222,European,0.132
11222,French,0
11222,Italian,0.113
11222,Mexcian,0.038
11222,Other,0.038
11222,QuickMeal,0.113
11222,Seafood,0.019
11223,American,0.081
11223,Asian,0
11223,Chinese,0.189
11223,Dessert,0
11223,European,0.081
11223,French,0
11223,Italian,0.027
11223,Mexcian,0.054
11223,Other,0.405
11223,QuickMeal,0.135
11223,Seafood,0.027
11204,American,0.069
11204,Asian,0.103
11204,Chinese,0.207
11204,Dessert,0.034
11204,European,0
11204,French,0
11204,Italian,0.138
11204,Mexcian,0
11204,Other,0.172
11204,QuickMeal,0.276
11204,Seafood,0
10458,American,0.209
10458,Asian,0
10458,Chinese,0.14
10458,Dessert,0.093
10458,European,0.093
10458,French,0
10458,Italian,0.233
10458,Mexcian,0.023
10458,Other,0
10458,QuickMeal,0.209
10458,Seafood,0
11362,American,0.133
11362,Asian,0.133
11362,Chinese,0.2
11362,Dessert,0
11362,European,0.067
11362,French,0
11362,Italian,0.2
11362,Mexcian,0
11362,Other,0.067
11362,QuickMeal,0.2
11362,Seafood,0
11208,American,0.115
11208,Asian,0
11208,Chinese,0.385
11208,Dessert,0
11208,European,0.154
11208,French,0
11208,Italian,0
11208,Mexcian,0.154
11208,Other,0.038
11208,QuickMeal,0.154
11208,Seafood,0
11226,American,0.043
11226,Asian,0.043
11226,Chinese,0.191
11226,Dessert,0.043
11226,European,0.064
11226,French,0
11226,Italian,0
11226,Mexcian,0.362
11226,Other,0.191
11226,QuickMeal,0.064
11226,Seafood,0
10032,American,0.36
10032,Asian,0.04
10032,Chinese,0.12
10032,Dessert,0.04
10032,European,0.04
10032,French,0
10032,Italian,0.04
10032,Mexcian,0.08
10032,Other,0
10032,QuickMeal,0.24
10032,Seafood,0.04
11207,American,0.333
11207,Asian,0.033
11207,Chinese,0.2
11207,Dessert,0.033
11207,European,0.233
11207,French,0
11207,Italian,0.033
11207,Mexcian,0.1
11207,Other,0
11207,QuickMeal,0.033
11207,Seafood,0
11203,American,0.034
11203,Asian,0
11203,Chinese,0.069
11203,Dessert,0.034
11203,European,0
11203,French,0
11203,Italian,0
11203,Mexcian,0.655
11203,Other,0.138
11203,QuickMeal,0.069
11203,Seafood,0
11693,American,0.5
11693,Asian,0.1
11693,Chinese,0
11693,Dessert,0
11693,European,0.1
11693,French,0
11693,Italian,0.2
11693,Mexcian,0
11693,Other,0
11693,QuickMeal,0.1
11693,Seafood,0
11694,American,0.222
11694,Asian,0
11694,Chinese,0.222
11694,Dessert,0.111
11694,European,0.111
11694,French,0
11694,Italian,0
11694,Mexcian,0.111
11694,Other,0
11694,QuickMeal,0.222
11694,Seafood,0
10306,American,0.227
10306,Asian,0.136
10306,Chinese,0.045
10306,Dessert,0.045
10306,European,0.091
10306,French,0
10306,Italian,0.273
10306,Mexcian,0.045
10306,Other,0.045
10306,QuickMeal,0.091
10306,Seafood,0
11691,American,0.267
11691,Asian,0
11691,Chinese,0.333
11691,Dessert,0
11691,European,0
11691,French,0
11691,Italian,0
11691,Mexcian,0.2
11691,Other,0.133
11691,QuickMeal,0.067
11691,Seafood,0
11427,American,0
11427,Asian,0.2
11427,Chinese,0.6
11427,Dessert,0
11427,European,0
11427,French,0
11427,Italian,0.2
11427,Mexcian,0
11427,Other,0
11427,QuickMeal,0
11427,Seafood,0
11224,American,0.308
11224,Asian,0
11224,Chinese,0.154
11224,Dessert,0.231
11224,European,0.077
11224,French,0
11224,Italian,0
11224,Mexcian,0.077
11224,Other,0
11224,QuickMeal,0.154
11224,Seafood,0
10473,American,0.333
10473,Asian,0
10473,Chinese,0.167
10473,Dessert,0
10473,European,0.333
10473,French,0
10473,Italian,0
10473,Mexcian,0
10473,Other,0.167
10473,QuickMeal,0
10473,Seafood,0
10006,American,0.75
10006,Asian,0.083
10006,Chinese,0
10006,Dessert,0
10006,European,0
10006,French,0
10006,Italian,0
10006,Mexcian,0
10006,Other,0
10006,QuickMeal,0.167
10006,Seafood,0
10314,American,0.424
10314,Asian,0.091
10314,Chinese,0.061
10314,Dessert,0
10314,European,0
10314,French,0
10314,Italian,0.152
10314,Mexcian,0.03
10314,Other,0.061
10314,QuickMeal,0.182
10314,Seafood,0
10453,American,0.3
10453,Asian,0
10453,Chinese,0.2
10453,Dessert,0
10453,European,0.1
10453,French,0
10453,Italian,0.05
10453,Mexcian,0.2
10453,Other,0.05
10453,QuickMeal,0.1
10453,Seafood,0
10471,American,0.333
10471,Asian,0
10471,Chinese,0.083
10471,Dessert,0
10471,European,0
10471,French,0
10471,Italian,0.167
10471,Mexcian,0
10471,Other,0.25
10471,QuickMeal,0.167
10471,Seafood,0
11356,American,0.3
11356,Asian,0.2
11356,Chinese,0.2
11356,Dessert,0.1
11356,European,0
11356,French,0
11356,Italian,0.1
11356,Mexcian,0
11356,Other,0
11356,QuickMeal,0.1
11356,Seafood,0
11357,American,0.091
11357,Asian,0
11357,Chinese,0.182
11357,Dessert,0
11357,European,0
11357,French,0
11357,Italian,0.364
11357,Mexcian,0
11357,Other,0
11357,QuickMeal,0.364
11357,Seafood,0
11370,American,0.143
11370,Asian,0.143
11370,Chinese,0
11370,Dessert,0
11370,European,0.286
11370,French,0
11370,Italian,0.143
11370,Mexcian,0
11370,Other,0.143
11370,QuickMeal,0.143
11370,Seafood,0
11234,American,0.219
11234,Asian,0.031
11234,Chinese,0.219
11234,Dessert,0.031
11234,European,0
11234,French,0
11234,Italian,0.156
11234,Mexcian,0.125
11234,Other,0.031
11234,QuickMeal,0.188
11234,Seafood,0
11221,American,0.304
11221,Asian,0.087
11221,Chinese,0.174
11221,Dessert,0.087
11221,European,0.174
11221,French,0
11221,Italian,0
11221,Mexcian,0.087
11221,Other,0
11221,QuickMeal,0.087
11221,Seafood,0
10035,American,0.286
10035,Asian,0.071
10035,Chinese,0
10035,Dessert,0.143
10035,European,0.071
10035,French,0
10035,Italian,0
10035,Mexcian,0.214
10035,Other,0
10035,QuickMeal,0.214
10035,Seafood,0
10474,American,0.6
10474,Asian,0
10474,Chinese,0
10474,Dessert,0.1
10474,European,0.2
10474,French,0
10474,Italian,0.1
10474,Mexcian,0
10474,Other,0
10474,QuickMeal,0
10474,Seafood,0
10463,American,0.308
10463,Asian,0
10463,Chinese,0.077
10463,Dessert,0.077
10463,European,0.115
10463,French,0
10463,Italian,0.038
10463,Mexcian,0.154
10463,Other,0.038
10463,QuickMeal,0.192
10463,Seafood,0
10454,American,0.188
10454,Asian,0.062
10454,Chinese,0.125
10454,Dessert,0.062
10454,European,0.062
10454,French,0
10454,Italian,0.062
10454,Mexcian,0.312
10454,Other,0
10454,QuickMeal,0.125
10454,Seafood,0
10308,American,0.1
10308,Asian,0
10308,Chinese,0.1
10308,Dessert,0.2
10308,European,0.1
10308,French,0
10308,Italian,0.3
10308,Mexcian,0
10308,Other,0
10308,QuickMeal,0.2
10308,Seafood,0
10281,American,0
10281,Asian,0
10281,Chinese,0
10281,Dessert,0
10281,European,0.667
10281,French,0
10281,Italian,0.333
10281,Mexcian,0
10281,Other,0
10281,QuickMeal,0
10281,Seafood,0
11365,American,0
11365,Asian,0.286
11365,Chinese,0.429
11365,Dessert,0.143
11365,European,0
11365,French,0
11365,Italian,0
11365,Mexcian,0
11365,Other,0
11365,QuickMeal,0.143
11365,Seafood,0
11102,American,0.24
11102,Asian,0.04
11102,Chinese,0.08
11102,Dessert,0
11102,European,0.2
11102,French,0
11102,Italian,0.04
11102,Mexcian,0
11102,Other,0.12
11102,QuickMeal,0.24
11102,Seafood,0.04
10034,American,0.407
10034,Asian,0.037
10034,Chinese,0.037
10034,Dessert,0.111
10034,European,0.148
10034,French,0
10034,Italian,0.074
10034,Mexcian,0.074
10034,Other,0
10034,QuickMeal,0.111
10034,Seafood,0
11435,American,0.333
11435,Asian,0
11435,Chinese,0.19
11435,Dessert,0
11435,European,0
11435,French,0
11435,Italian,0
11435,Mexcian,0.286
11435,Other,0.095
11435,QuickMeal,0.095
11435,Seafood,0
11109,American,0.333
11109,Asian,0
11109,Chinese,0.333
11109,Dessert,0
11109,European,0
11109,French,0
11109,Italian,0.333
11109,Mexcian,0
11109,Other,0
11109,QuickMeal,0
11109,Seafood,0
10470,American,0.167
10470,Asian,0
10470,Chinese,0.167
10470,Dessert,0.167
10470,European,0
10470,French,0
10470,Italian,0.167
10470,Mexcian,0.167
10470,Other,0
10470,QuickMeal,0.167
10470,Seafood,0
10119,American,0
10119,Asian,0
10119,Chinese,0
10119,Dessert,0
10119,European,0
10119,French,0
10119,Italian,0
10119,Mexcian,0.5
10119,Other,0
10119,QuickMeal,0.5
10119,Seafood,0
11040,American,0.286
11040,Asian,0.286
11040,Chinese,0.286
11040,Dessert,0
11040,European,0
11040,French,0
11040,Italian,0.143
11040,Mexcian,0
11040,Other,0
11040,QuickMeal,0
11040,Seafood,0
10309,American,0.429
10309,Asian,0
10309,Chinese,0
10309,Dessert,0.143
10309,European,0
10309,French,0
10309,Italian,0.143
10309,Mexcian,0
10309,Other,0
10309,QuickMeal,0.286
10309,Seafood,0
10459,American,0.188
10459,Asian,0
10459,Chinese,0.25
10459,Dessert,0
10459,European,0.188
10459,French,0
10459,Italian,0
10459,Mexcian,0.125
10459,Other,0
10459,QuickMeal,0.25
10459,Seafood,0
11219,American,0.048
11219,Asian,0
11219,Chinese,0.238
11219,Dessert,0
11219,European,0.095
11219,French,0
11219,Italian,0.048
11219,Mexcian,0.095
11219,Other,0.286
11219,QuickMeal,0.19
11219,Seafood,0
11421,American,0.5
11421,Asian,0.062
11421,Chinese,0.125
11421,Dessert,0
11421,European,0.125
11421,French,0
11421,Italian,0.062
11421,Mexcian,0
11421,Other,0
11421,QuickMeal,0.125
11421,Seafood,0
11004,American,0
11004,Asian,0.429
11004,Chinese,0.143
11004,Dessert,0.143
11004,European,0
11004,French,0
11004,Italian,0
11004,Mexcian,0
11004,Other,0
11004,QuickMeal,0.286
11004,Seafood,0
10026,American,0.45
10026,Asian,0
10026,Chinese,0.15
10026,Dessert,0.05
10026,European,0.1
10026,French,0
10026,Italian,0.05
10026,Mexcian,0.1
10026,Other,0.1
10026,QuickMeal,0
10026,Seafood,0
10475,American,0
10475,Asian,0.143
10475,Chinese,0.143
10475,Dessert,0
10475,European,0
10475,French,0
10475,Italian,0
10475,Mexcian,0.143
10475,Other,0
10475,QuickMeal,0.571
10475,Seafood,0
10030,American,0.444
10030,Asian,0
10030,Chinese,0.111
10030,Dessert,0
10030,European,0
10030,French,0
10030,Italian,0
10030,Mexcian,0.222
10030,Other,0.222
10030,QuickMeal,0
10030,Seafood,0
10033,American,0.294
10033,Asian,0
10033,Chinese,0.176
10033,Dessert,0.059
10033,European,0.176
10033,French,0
10033,Italian,0.059
10033,Mexcian,0
10033,Other,0
10033,QuickMeal,0.235
10033,Seafood,0
10466,American,0.167
10466,Asian,0
10466,Chinese,0.222
10466,Dessert,0
10466,European,0
10466,French,0
10466,Italian,0
10466,Mexcian,0.333
10466,Other,0.056
10466,QuickMeal,0.222
10466,Seafood,0
10465,American,0.438
10465,Asian,0.062
10465,Chinese,0.062
10465,Dessert,0.125
10465,European,0.062
10465,French,0
10465,Italian,0
10465,Mexcian,0
10465,Other,0.062
10465,QuickMeal,0.125
10465,Seafood,0.062
11415,American,0.2
11415,Asian,0
11415,Chinese,0.4
11415,Dessert,0
11415,European,0
11415,French,0
11415,Italian,0.2
11415,Mexcian,0
11415,Other,0.2
11415,QuickMeal,0
11415,Seafood,0
11379,American,0.071
11379,Asian,0
11379,Chinese,0.143
11379,Dessert,0.071
11379,European,0.071
11379,French,0
11379,Italian,0.286
11379,Mexcian,0.071
11379,Other,0
11379,QuickMeal,0.286
11379,Seafood,0
11413,American,0
11413,Asian,0
11413,Chinese,0.5
11413,Dessert,0
11413,European,0
11413,French,0
11413,Italian,0
11413,Mexcian,0.5
11413,Other,0
11413,QuickMeal,0
11413,Seafood,0
10460,American,0.6
10460,Asian,0
10460,Chinese,0.3
10460,Dessert,0
10460,European,0
10460,French,0
10460,Italian,0
10460,Mexcian,0
10460,Other,0
10460,QuickMeal,0.1
10460,Seafood,0
10455,American,0.143
10455,Asian,0
10455,Chinese,0.071
10455,Dessert,0.071
10455,European,0.214
10455,French,0
10455,Italian,0.071
10455,Mexcian,0.214
10455,Other,0
10455,QuickMeal,0.143
10455,Seafood,0.071
11416,American,0.333
11416,Asian,0
11416,Chinese,0.222
11416,Dessert,0
11416,European,0
11416,French,0
11416,Italian,0.111
11416,Mexcian,0.111
11416,Other,0.111
11416,QuickMeal,0.111
11416,Seafood,0
10456,American,0.333
10456,Asian,0.056
10456,Chinese,0.222
10456,Dessert,0.056
10456,European,0.056
10456,French,0
10456,Italian,0
10456,Mexcian,0.056
10456,Other,0.111
10456,QuickMeal,0.111
10456,Seafood,0
10461,American,0.259
10461,Asian,0.185
10461,Chinese,0.111
10461,Dessert,0.074
10461,European,0.111
10461,French,0
10461,Italian,0.185
10461,Mexcian,0
10461,Other,0
10461,QuickMeal,0.074
10461,Seafood,0
10121,American,0.6
10121,Asian,0
10121,Chinese,0
10121,Dessert,0
10121,European,0
10121,French,0
10121,Italian,0
10121,Mexcian,0
10121,Other,0
10121,QuickMeal,0.4
10121,Seafood,0
11411,American,0.167
11411,Asian,0
11411,Chinese,0
11411,Dessert,0
11411,European,0
11411,French,0
11411,Italian,0
11411,Mexcian,0.667
11411,Other,0
11411,QuickMeal,0.167
11411,Seafood,0
10005,American,0.545
10005,Asian,0.091
10005,Chinese,0
10005,Dessert,0
10005,European,0.182
10005,French,0
10005,Italian,0
10005,Mexcian,0
10005,Other,0
10005,QuickMeal,0.182
10005,Seafood,0
10039,American,0.125
10039,Asian,0.125
10039,Chinese,0.25
10039,Dessert,0.125
10039,European,0
10039,French,0
10039,Italian,0.125
10039,Mexcian,0.25
10039,Other,0
10039,QuickMeal,0
10039,Seafood,0
10044,American,0
10044,Asian,0
10044,Chinese,1
10044,Dessert,0
10044,European,0
10044,French,0
10044,Italian,0
10044,Mexcian,0
10044,Other,0
10044,QuickMeal,0
10044,Seafood,0
10472,American,0.158
10472,Asian,0
10472,Chinese,0.211
10472,Dessert,0.053
10472,European,0.053
10472,French,0
10472,Italian,0
10472,Mexcian,0.158
10472,Other,0.158
10472,QuickMeal,0.211
10472,Seafood,0
11422,American,0.143
11422,Asian,0
11422,Chinese,0.429
11422,Dessert,0
11422,European,0.143
11422,French,0
11422,Italian,0
11422,Mexcian,0.143
11422,Other,0.143
11422,QuickMeal,0
11422,Seafood,0
11369,American,0.75
11369,Asian,0
11369,Chinese,0
11369,Dessert,0
11369,European,0.083
11369,French,0
11369,Italian,0
11369,Mexcian,0
11369,Other,0.083
11369,QuickMeal,0.083
11369,Seafood,0
10112,American,1
10112,Asian,0
10112,Chinese,0
10112,Dessert,0
10112,European,0
10112,French,0
10112,Italian,0
10112,Mexcian,0
10112,Other,0
10112,QuickMeal,0
10112,Seafood,0
11003,American,0
11003,Asian,0
11003,Chinese,0
11003,Dessert,0
11003,European,0
11003,French,0
11003,Italian,0
11003,Mexcian,0
11003,Other,1
11003,QuickMeal,0
11003,Seafood,0
10280,American,0
10280,Asian,0
10280,Chinese,0
10280,Dessert,0
10280,European,0
10280,French,0
10280,Italian,1
10280,Mexcian,0
10280,Other,0
10280,QuickMeal,0
10280,Seafood,0
11256,American,1
11256,Asian,0
11256,Chinese,0
11256,Dessert,0
11256,European,0
11256,French,0
11256,Italian,0
11256,Mexcian,0
11256,Other,0
11256,QuickMeal,0
11256,Seafood,0
10037,American,0.5
10037,Asian,0
10037,Chinese,0
10037,Dessert,0
10037,European,0
10037,French,0
10037,Italian,0
10037,Mexcian,0
10037,Other,0.5
10037,QuickMeal,0
10037,Seafood,0
11423,American,0.25
11423,Asian,0
11423,Chinese,0
11423,Dessert,0
11423,European,0
11423,French,0
11423,Italian,0
11423,Mexcian,0.5
11423,Other,0
11423,QuickMeal,0.25
11423,Seafood,0
11692,American,0
11692,Asian,0
11692,Chinese,0
11692,Dessert,0
11692,European,0
11692,French,0
11692,Italian,0
11692,Mexcian,0
11692,Other,0
11692,QuickMeal,1
11692,Seafood,0
11371,American,0.333
11371,Asian,0
11371,Chinese,0
11371,Dessert,0
11371,European,0
11371,French,0
11371,Italian,0.333
11371,Mexcian,0
11371,Other,0
11371,QuickMeal,0.333
11371,Seafood,0
10069,American,1
10069,Asian,0
10069,Chinese,0
10069,Dessert,0
10069,European,0
10069,French,0
10069,Italian,0
10069,Mexcian,0
10069,Other,0
10069,QuickMeal,0
10069,Seafood,0
10111,American,1
10111,Asian,0
10111,Chinese,0
10111,Dessert,0
10111,European,0
10111,French,0
10111,Italian,0
10111,Mexcian,0
10111,Other,0
10111,QuickMeal,0
10111,Seafood,0
10153,American,1
10153,Asian,0
10153,Chinese,0
10153,Dessert,0
10153,European,0
10153,French,0
10153,Italian,0
10153,Mexcian,0
10153,Other,0
10153,QuickMeal,0
10153,Seafood,0
10307,American,0
10307,Asian,0
10307,Chinese,0.25
10307,Dessert,0
10307,European,0
10307,French,0
10307,Italian,0.75
10307,Mexcian,0
10307,Other,0
10307,QuickMeal,0
10307,Seafood,0
11001,American,1
11001,Asian,0
11001,Chinese,0
11001,Dessert,0
11001,European,0
11001,French,0
11001,Italian,0
11001,Mexcian,0
11001,Other,0
11001,QuickMeal,0
11001,Seafood,0
11363,American,0.25
11363,Asian,0
11363,Chinese,0.25
11363,Dessert,0
11363,European,0
11363,French,0
11363,Italian,0.5
11363,Mexcian,0
11363,Other,0
11363,QuickMeal,0
11363,Seafood,0
11005,American,0
11005,Asian,0
11005,Chinese,0
11005,Dessert,0
11005,European,0
11005,French,0
11005,Italian,0
11005,Mexcian,0
11005,Other,1
11005,QuickMeal,0
11005,Seafood,0
11436,American,0
11436,Asian,0
11436,Chinese,1
11436,Dessert,0
11436,European,0
11436,French,0
11436,Italian,0
11436,Mexcian,0
11436,Other,0
11436,QuickMeal,0
11436,Seafood,0
11352,American,0
11352,Asian,0
11352,Chinese,1
11352,Dessert,0
11352,European,0
11352,French,0
11352,Italian,0
11352,Mexcian,0
11352,Other,0
11352,QuickMeal,0
11352,Seafood,0
10285,American,1
10285,Asian,0
10285,Chinese,0
10285,Dessert,0
10285,European,0
10285,French,0
10285,Italian,0
10285,Mexcian,0
10285,Other,0
10285,QuickMeal,0
10285,Seafood,0
10174,American,1
10174,Asian,0
10174,Chinese,0
10174,Dessert,0
10174,European,0
10174,French,0
10174,Italian,0
10174,Mexcian,0
10174,Other,0
10174,QuickMeal,0
10174,Seafood,0
10105,American,1
10105,Asian,0
10105,Chinese,0
10105,Dessert,0
10105,European,0
10105,French,0
10105,Italian,0
10105,Mexcian,0
10105,Other,0
10105,QuickMeal,0
10105,Seafood,0
11433,American,0
11433,Asian,0
11433,Chinese,0
11433,Dessert,0
11433,European,0
11433,French,0
11433,Italian,0
11433,Mexcian,1
11433,Other,0
11433,QuickMeal,0
11433,Seafood,0
